{
  "table_of_contents": [
    {
      "title": "Skin in the Game: Stem Cells\nin Repair, Cancer, and Homeostasis",
      "heading_level": null,
      "page_id": 0,
      "polygon": [
        [
          58.2965002655983,
          114.50405950844288
        ],
        [
          374.21642342209816,
          114.50405950844288
        ],
        [
          374.21642342209816,
          156.9412902444601
        ],
        [
          58.2965002655983,
          156.9412902444601
        ]
      ]
    },
    {
      "title": "Cell\nBenchMarks",
      "heading_level": null,
      "page_id": 1,
      "polygon": [
        [
          51.561487924307585,
          48.60209871456027
        ],
        [
          140.24674911878594,
          48.60209871456027
        ],
        [
          140.24674911878594,
          83.20182287320495
        ],
        [
          51.561487924307585,
          83.20182287320495
        ]
      ]
    },
    {
      "title": "ACKNOWLEDGMENTS",
      "heading_level": null,
      "page_id": 2,
      "polygon": [
        [
          58.922157149761915,
          250.49552841478837
        ],
        [
          136.49683604074355,
          250.49552841478837
        ],
        [
          136.49683604074355,
          259.9758279323578
        ],
        [
          58.922157149761915,
          259.9758279323578
        ]
      ]
    },
    {
      "title": "REFERENCES",
      "heading_level": null,
      "page_id": 2,
      "polygon": [
        [
          58.51732034236193,
          305.9945377042924
        ],
        [
          107.39216399937868,
          305.9945377042924
        ],
        [
          107.39216399937868,
          315.7941674590111
        ],
        [
          58.51732034236193,
          315.7941674590111
        ]
      ]
    }
  ],
  "page_stats": [
    {
      "page_id": 0,
      "text_extraction_method": "surya",
      "block_counts": [
        [
          "Line",
          135
        ],
        [
          "Span",
          134
        ],
        [
          "Text",
          14
        ],
        [
          "PageFooter",
          2
        ],
        [
          "Picture",
          1
        ],
        [
          "SectionHeader",
          1
        ],
        [
          "Footnote",
          1
        ]
      ],
      "block_metadata": {
        "llm_request_count": 1,
        "llm_error_count": 0,
        "llm_tokens_used": 1396,
        "previous_text": "",
        "previous_type": "",
        "previous_order": 0
      }
    },
    {
      "page_id": 1,
      "text_extraction_method": "surya",
      "block_counts": [
        [
          "Line",
          118
        ],
        [
          "Span",
          92
        ],
        [
          "Text",
          7
        ],
        [
          "SectionHeader",
          1
        ],
        [
          "Picture",
          1
        ],
        [
          "Figure",
          1
        ],
        [
          "PageFooter",
          1
        ]
      ],
      "block_metadata": {
        "llm_request_count": 0,
        "llm_error_count": 0,
        "llm_tokens_used": 0,
        "previous_text": "",
        "previous_type": "",
        "previous_order": 0
      }
    },
    {
      "page_id": 2,
      "text_extraction_method": "surya",
      "block_counts": [
        [
          "Span",
          81
        ],
        [
          "Line",
          80
        ],
        [
          "Text",
          17
        ],
        [
          "SectionHeader",
          2
        ],
        [
          "PageFooter",
          2
        ],
        [
          "Picture",
          1
        ]
      ],
      "block_metadata": {
        "llm_request_count": 0,
        "llm_error_count": 0,
        "llm_tokens_used": 0,
        "previous_text": "",
        "previous_type": "",
        "previous_order": 0
      }
    }
  ],
  "debug_data_path": "debug_data/10.1016_j.cell.2020.03.019"
}