{
  "table_of_contents": [
    {
      "title": "News in focus",
      "heading_level": null,
      "page_id": 0,
      "polygon": [
        [
          38.403731264173985,
          26.0902743563056
        ],
        [
          128.61798360943794,
          26.0902743563056
        ],
        [
          128.61798360943794,
          42.35747594386339
        ],
        [
          38.403731264173985,
          42.35747594386339
        ]
      ]
    },
    {
      "title": "China's mysterious spaceplane\nreturns to Earth \u2013 what we know",
      "heading_level": null,
      "page_id": 0,
      "polygon": [
        [
          44.23335523629369,
          94.85178373754025
        ],
        [
          311.8826403101386,
          94.85178373754025
        ],
        [
          311.8826403101386,
          134.38542795181274
        ],
        [
          44.23335523629369,
          134.38542795181274
        ]
      ]
    },
    {
      "title": "Imitating Boeing?",
      "heading_level": null,
      "page_id": 0,
      "polygon": [
        [
          44.90729597210884,
          520.9366158246994
        ],
        [
          110.95824703341468,
          520.9366158246994
        ],
        [
          110.95824703341468,
          530.9769064188004
        ],
        [
          44.90729597210884,
          530.9769064188004
        ]
      ]
    },
    {
      "title": "Satellite capture?",
      "heading_level": null,
      "page_id": 0,
      "polygon": [
        [
          215.9187509839421,
          607.0514159202576
        ],
        [
          283.393360666424,
          607.0514159202576
        ],
        [
          283.393360666424,
          616.3193764686584
        ],
        [
          215.9187509839421,
          616.3193764686584
        ]
      ]
    }
  ],
  "page_stats": [
    {
      "page_id": 0,
      "text_extraction_method": "surya",
      "block_counts": [
        [
          "Line",
          128
        ],
        [
          "Span",
          128
        ],
        [
          "Text",
          16
        ],
        [
          "SectionHeader",
          4
        ],
        [
          "PageFooter",
          2
        ],
        [
          "Picture",
          1
        ],
        [
          "Caption",
          1
        ],
        [
          "PageHeader",
          1
        ],
        [
          "PictureGroup",
          1
        ]
      ],
      "block_metadata": {
        "llm_request_count": 1,
        "llm_error_count": 0,
        "llm_tokens_used": 1440,
        "previous_text": "",
        "previous_type": "",
        "previous_order": 0
      }
    }
  ],
  "debug_data_path": "debug_data/10.1038_d41586-023-01639-0"
}